date,average_tas_c
1848-10-01,-20.477431106567366
1848-11-01,-25.279168319702137
1848-12-01,-24.166250991821272
1849-01-01,-22.113736343383778
1849-02-01,-7.30410232543943
1849-03-01,-2.190658187866177
1849-04-01,-0.12556610107418464
1849-05-01,-3.8223266597015026e-4
1849-06-01,-2.2408153533935433
1849-07-01,-6.683974456787098
1849-08-01,-15.696845245361317
1849-09-01,-27.2863887786865
1849-10-01,-29.982803535461414
1849-11-01,-32.721750259399386
1849-12-01,-26.475193214416493
1850-01-01,-15.466097450256314
1850-02-01,-8.807806015014648
1850-03-01,-2.219203186035145
1850-04-01,0.2535202026367642
1850-05-01,-0.9332050323486101
1850-06-01,-3.4544883728027003
1850-07-01,-14.629138183593739
1850-08-01,-23.253579330444325
1850-09-01,-18.104478263854958
1850-10-01,-26.813017082214344
1850-11-01,-24.987016105651833
1850-12-01,-25.852567863464344
1851-01-01,-22.520224189758267
1851-02-01,-10.460137176513626
1851-03-01,-2.8975677490234375
1851-04-01,-0.10126037597655113
1851-05-01,-0.7938304901122706
1851-06-01,-4.719710922241177
1851-07-01,-16.895567703247025
1851-08-01,-14.144814491271973
1851-09-01,-16.638567161560047
1851-10-01,-29.02828292846678
1851-11-01,-27.860891532897938
1851-12-01,-26.741709709167452
1852-01-01,-13.808664703369118
1852-02-01,-6.727312088012695
1852-03-01,-1.3869895935058594
1852-04-01,0.43215675354008454
1852-05-01,-0.5818901062011719
1852-06-01,-4.128808593749966
1852-07-01,-13.107235717773392
1852-08-01,-19.593007469177223
1852-09-01,-26.35379829406736
1852-10-01,-23.486321258544905
1852-11-01,-24.705441856384255
1852-12-01,-25.724052810668923
1853-01-01,-18.489883804321266
1853-02-01,-9.9454521179199
1853-03-01,-1.7684562683105014
1853-04-01,-0.175108337402321
1853-05-01,-0.9851272583007358
1853-06-01,-1.9401771545410043
1853-07-01,-11.837168884277332
1853-08-01,-19.5003271102905
1853-09-01,-26.114501380920387
1853-10-01,-22.582966423034634
1853-11-01,-34.07458820343015
1853-12-01,-30.64648571014402
1854-01-01,-20.314968490600563
1854-02-01,-8.279443359374966
1854-03-01,-0.8804058074950945
1854-04-01,-0.2156974792480355
1854-05-01,-0.8027854919433253
1854-06-01,-6.465036773681618
1854-07-01,-13.994942665100098
1854-08-01,-24.357524108886707
1854-09-01,-30.00876655578611
1854-10-01,-34.51462898254391
1854-11-01,-24.30093860626218
1854-12-01,-25.071810531616194
1855-01-01,-17.303595542907686
1855-02-01,-9.148791122436478
1855-03-01,-1.4280368804931527
1855-04-01,-0.16379127502437996
1855-05-01,-0.6219791412353288
1855-06-01,-2.922883605956997
1855-07-01,-6.066788101196266
1855-08-01,-21.98317775726315
1855-09-01,-14.998738098144486
1855-10-01,-30.136293029785122
1855-11-01,-30.16490936279294
1855-12-01,-22.648774528503395
1856-01-01,-23.494613075256325
1856-02-01,-9.394707107543923
1856-03-01,-2.7056282043456577
1856-04-01,-0.6175952911376612
1856-05-01,-1.5737712860106967
1856-06-01,-4.314126968383789
1856-07-01,-7.415690994262661
1856-08-01,-23.1847681045532
1856-09-01,-29.71184673309324
1856-10-01,-24.458374595642056
1856-11-01,-26.691577911376925
1856-12-01,-28.90100669860837
1857-01-01,-19.61548557281492
1857-02-01,-10.25130691528318
1857-03-01,-2.007409286499012
1857-04-01,0.25802307128907387
1857-05-01,-1.4274990081786996
1857-06-01,-4.048942947387673
1857-07-01,-12.340470886230435
1857-08-01,-19.28533916473387
1857-09-01,-28.91633377075192
1857-10-01,-22.515428543090792
1857-11-01,-26.8012174606323
1857-12-01,-22.31230487823484
1858-01-01,-18.214420318603487
1858-02-01,-9.705970382690396
1858-03-01,-1.7119731903076172
1858-04-01,-0.807599639892544
1858-05-01,-1.135140228271439
1858-06-01,-3.3220027923583757
1858-07-01,-7.643552017211903
1858-08-01,-12.43150806427002
1858-09-01,-19.90864791870115
1858-10-01,-29.854074096679653
1858-11-01,-27.11987304687497
1858-12-01,-31.027696609497042
1859-01-01,-16.64108333587643
1859-02-01,-5.946841430664051
1859-03-01,-1.3609069824218523
1859-04-01,-0.21249275207514984
1859-05-01,-0.05493125915523933
1859-06-01,-4.321242523193348
1859-07-01,-15.63986415863036
1859-08-01,-19.772900581359835
1859-09-01,-27.9314691543579
1859-10-01,-31.61009387969969
1859-11-01,-29.058236694335903
1859-12-01,-31.492273330688448
1860-01-01,-14.229971694946244
1860-02-01,-9.001524734497025
1860-03-01,-1.7626213073730241
1860-04-01,-0.6045192718505632
1860-05-01,-0.6465621948241846
1860-06-01,-4.35740394592284
1860-07-01,-13.876890182495117
1860-08-01,-26.099877738952614
1860-09-01,-25.588057899475075
1860-10-01,-26.512843322753895
1860-11-01,-17.795344734191872
1860-12-01,-26.411700248718233
1861-01-01,-20.46553421020505
1861-02-01,-8.080920791625942
1861-03-01,-2.106311798095703
1861-04-01,0.02853317260746735
1861-05-01,-0.5140018463134766
1861-06-01,-2.65720405578611
1861-07-01,-9.16368713378904
1861-08-01,-22.839438247680647
1861-09-01,-22.67506675720213
1861-10-01,-27.555489158630337
1861-11-01,-34.295112991332985
1861-12-01,-28.65006580352781
1862-01-01,-22.145919227600075
1862-02-01,-10.52848510742183
1862-03-01,-1.0339763641356967
1862-04-01,0.3792346954346044
1862-05-01,-1.1098499298095703
1862-06-01,-4.147529602050781
1862-07-01,-9.227481460571255
1862-08-01,-22.94093875885008
1862-09-01,-27.243431472778298
1862-10-01,-17.213739585876453
1862-11-01,-32.40085906982421
1862-12-01,-27.431450462341274
1863-01-01,-18.755305671691872
1863-02-01,-6.489362335205044
1863-03-01,-2.2171081542968523
1863-04-01,0.3492622375488281
1863-05-01,-0.629180908203125
1863-06-01,-1.590635681152321
1863-07-01,-8.898793792724575
1863-08-01,-21.67451534271237
1863-09-01,-30.072684478759754
1863-10-01,-32.92936744689939
1863-11-01,-19.557692718505848
1863-12-01,-26.151254463195784
1864-01-01,-14.097909927368164
1864-02-01,-9.470526123046852
1864-03-01,-2.043775177001919
1864-04-01,-0.4209362030028956
1864-05-01,-1.1799503326415675
1864-06-01,-4.737804794311501
1864-07-01,-12.188155364990223
1864-08-01,-25.116419982910145
1864-09-01,-24.03026313781737
1864-10-01,-32.78492832183835
1864-11-01,-25.166885757446266
1864-12-01,-23.511676025390614
1865-01-01,-15.851936912536587
1865-02-01,-7.447465896606445
1865-03-01,-1.4016689300536882
1865-04-01,0.3490833282471044
1865-05-01,-0.9811656951903842
1865-06-01,-3.2728813171386264
1865-07-01,-12.442906188964798
1865-08-01,-18.50905818939208
1865-09-01,-26.95322284698483
1865-10-01,-18.224708175659146
1865-11-01,-15.286822700500466
1865-12-01,-13.352468109130825
1866-01-01,-14.978724098205532
1866-02-01,-4.912322998046875
1866-03-01,-2.6840988159179346
1866-04-01,-0.17929878234861008
1866-05-01,-0.29864845275875496
1866-06-01,-3.2445861816406136
1866-07-01,-10.06584777832029
1866-08-01,-21.127620124816872
1866-09-01,-22.615626525878895
1866-10-01,-24.537359046936018
1866-11-01,-18.972177696228016
1866-12-01,-21.544342231750477
1867-01-01,-18.994970703124977
1867-02-01,-7.263048553466774
1867-03-01,-1.9181892395019418
1867-04-01,0.3553649902344205
1867-05-01,1.062979888916061
1867-06-01,-2.037477111816372
1867-07-01,-5.696714401245117
1867-08-01,-20.775599288940413
1867-09-01,-24.484625244140602
1867-10-01,-31.40294380187987
1867-11-01,-28.773557281494107
1867-12-01,-31.347764396667458
1868-01-01,-15.699876213073708
1868-02-01,-8.769153594970703
1868-03-01,-1.6562355041503452
1868-04-01,-0.14457664489742683
1868-05-01,-0.247802734375
1868-06-01,-2.7790699005126953
1868-07-01,-11.815243148803688
1868-08-01,-15.381427383422817
1868-09-01,-23.700136566162087
1868-10-01,-21.52748794555663
1868-11-01,-24.04648952484129
1868-12-01,-13.417671012878372
1869-01-01,-17.836852264404286
1869-02-01,-9.020503997802734
1869-03-01,-1.36081275939938
1869-04-01,-0.20741233825680183
1869-05-01,-0.13126029968259445
1869-06-01,-2.3532081604003565
1869-07-01,-9.996195602416947
1869-08-01,-22.19985561370848
1869-09-01,-25.652237319946266
1869-10-01,-33.52080631256101
1869-11-01,-18.719722938537586
1869-12-01,-22.93484573364256
1870-01-01,-19.423306274414045
1870-02-01,-8.922655868530228
1870-03-01,-1.6060367584228175
1870-04-01,0.0692146301269645
1870-05-01,-0.791181182861294
1870-06-01,-3.937791061401356
1870-07-01,-15.282233047485306
1870-08-01,-21.02924041748045
1870-09-01,-22.732696533203097
1870-10-01,-29.37567443847655
1870-11-01,-29.63172092437742
1870-12-01,-23.881657791137684
1871-01-01,-21.3875341415405
1871-02-01,-9.141881561279263
1871-03-01,-1.7870410919189226
1871-04-01,-0.4131572723388217
1871-05-01,-0.8063873291015398
1871-06-01,-4.077128601074207
1871-07-01,-10.944367980956997
1871-08-01,-24.97396030426023
1871-09-01,-14.178704833984341
1871-10-01,-29.831189346313465
1871-11-01,-29.92235584259032
1871-12-01,-27.793045043945284
1872-01-01,-20.81751346588132
1872-02-01,-10.151724624633744
1872-03-01,-0.9493404388427393
1872-04-01,-0.01195526123046875
1872-05-01,-1.5007644653319971
1872-06-01,-6.806444549560524
1872-07-01,-13.475640869140591
1872-08-01,-19.730943679809542
1872-09-01,-25.862062835693337
1872-10-01,-27.94803810119626
1872-11-01,-27.201793479919417
1872-12-01,-29.15792179107663
1873-01-01,-25.038868141174305
1873-02-01,-11.007406234741211
1873-03-01,-1.6478424072265625
1873-04-01,-0.4357975006103061
1873-05-01,-1.2199138641357195
1873-06-01,-3.567063522338856
1873-07-01,-12.253521156311024
1873-08-01,-16.79985027313228
1873-09-01,-22.7025409698486
1873-10-01,-32.39434051513669
1873-11-01,-28.3598793029785
1873-12-01,-30.83784255981442
1874-01-01,-21.381160163879372
1874-02-01,-7.975498199462891
1874-03-01,-2.240566635131813
1874-04-01,-0.3111221313476449
1874-05-01,-2.372290420532181
1874-06-01,-4.138577270507767
1874-07-01,-8.906814956665016
1874-08-01,-19.42654170989988
1874-09-01,-24.583886528015114
1874-10-01,-30.986054611206043
1874-11-01,-32.860005378723116
1874-12-01,-29.431038284301735
1875-01-01,-23.427273559570295
1875-02-01,-10.037687301635742
1875-03-01,-2.1051982879638445
1875-04-01,-0.5505470275878679
1875-05-01,-0.3516651153564112
1875-06-01,-3.869619369506836
1875-07-01,-11.859014511108398
1875-08-01,-19.449809074401827
1875-09-01,-16.46006469726558
1875-10-01,-28.24357910156249
1875-11-01,-30.72411785125729
1875-12-01,-33.4891984939575
1876-01-01,-23.54332885742184
1876-02-01,-12.114297103881825
1876-03-01,-2.524132919311512
1876-04-01,-1.1268634796142578
1876-05-01,-2.052535247802723
1876-06-01,-5.698323059081986
1876-07-01,-14.493924713134732
1876-08-01,-26.4090663909912
1876-09-01,-30.259629440307606
1876-10-01,-30.68452072143552
1876-11-01,-28.88884410858151
1876-12-01,-24.568137931823713
1877-01-01,-13.169492721557617
1877-02-01,-6.478855895996048
1877-03-01,-2.0166759490966797
1877-04-01,-0.315243530273392
1877-05-01,-1.786007690429642
1877-06-01,-6.719378280639603
1877-07-01,-11.607688903808594
1877-08-01,-25.583918380737288
1877-09-01,-25.048300361633267
1877-10-01,-25.504562187194807
1877-11-01,-29.780625343322725
1877-12-01,-28.01939105987546
1878-01-01,-20.718390274047835
1878-02-01,-9.670115661621082
1878-03-01,-2.2790378570556413
1878-04-01,-0.32993431091307457
1878-05-01,-0.7287204742431186
1878-06-01,-6.377526473999012
1878-07-01,-9.302648162841763
1878-08-01,-20.281678009033186
1878-09-01,-28.850269699096657
1878-10-01,-26.585079193115206
1878-11-01,-30.82248115539548
1878-12-01,-28.27676868438718
1879-01-01,-18.687869834899885
1879-02-01,-5.595460128784168
1879-03-01,-0.5577751159667628
1879-04-01,-0.1265216827392237
1879-05-01,-1.9032844543456804
1879-06-01,-4.271544265747025
1879-07-01,-5.9504211425780795
1879-08-01,-12.711336135864258
1879-09-01,-25.448467445373524
1879-10-01,-31.919916343688953
1879-11-01,-32.794310569763155
1879-12-01,-28.018879699707014
1880-01-01,-14.648656845092773
1880-02-01,-6.646810913085915
1880-03-01,-2.056904220581032
1880-04-01,-0.1837413787841342
1880-05-01,-0.8583129882812273
1880-06-01,-1.7870197296142578
1880-07-01,-10.96014366149899
1880-08-01,-20.538931655883772
1880-09-01,-22.31903781890867
1880-10-01,-30.449995231628407
1880-11-01,-24.466601181030256
1880-12-01,-31.751222229003872
1881-01-01,-22.66561508178708
1881-02-01,-8.092105484008755
1881-03-01,-1.944761657714821
1881-04-01,0.06780548095707672
1881-05-01,-0.9022037506103402
1881-06-01,-6.292613601684536
1881-07-01,-16.013979148864735
1881-08-01,-26.812896156311012
1881-09-01,-29.68279438018797
1881-10-01,-34.60586662292479
1881-11-01,-22.25668087005613
1881-12-01,-24.828344726562477
1882-01-01,-21.692182159423794
1882-02-01,-9.531264495849598
1882-03-01,-2.860009765624966
1882-04-01,-0.4363262176513558
1882-05-01,-1.9022113800048714
1882-06-01,-4.450613784789994
1882-07-01,-9.712455749511719
1882-08-01,-17.521043968200672
1882-09-01,-20.780043411254866
1882-10-01,-25.943569946289045
1882-11-01,-30.920380592346163
1882-12-01,-30.750354576110823
1883-01-01,-23.6516159057617
1883-02-01,-9.830400085449185
1883-03-01,-1.7833564758300327
1883-04-01,-0.28926849365234375
1883-05-01,-0.7363796234130859
1883-06-01,-4.594502258300736
1883-07-01,-12.059598922729492
1883-08-01,-21.906756401061983
1883-09-01,-27.399995422363247
1883-10-01,-27.79882049560544
1883-11-01,-29.277410316467268
1883-12-01,-24.695193862915005
1884-01-01,-23.458932685852034
1884-02-01,-7.105839920043934
1884-03-01,-2.6671211242675668
1884-04-01,-0.3940380096435092
1884-05-01,-1.696281051635708
1884-06-01,-5.4104446411132585
1884-07-01,-17.69538497924802
1884-08-01,-24.530076980590792
1884-09-01,-23.13599376678465
1884-10-01,-30.616704750061018
1884-11-01,-29.24690513610838
1884-12-01,-17.151543617248507
1885-01-01,-22.1321630477905
1885-02-01,-10.706003952026322
1885-03-01,-1.3271560668945312
1885-04-01,-0.5469009399413949
1885-05-01,-0.6111297607421875
1885-06-01,-2.659640502929676
1885-07-01,-15.425739669799782
1885-08-01,-19.873899269103987
1885-09-01,-28.674626922607388
1885-10-01,-31.48283824920651
1885-11-01,-26.23512516021725
1885-12-01,-20.476638031005848
1886-01-01,-18.87734451293943
1886-02-01,-8.79720230102538
1886-03-01,-3.369021987915005
1886-04-01,-0.42896461486816406
1886-05-01,-1.2124149322509652
1886-06-01,-6.100598526000965
1886-07-01,-13.622207260131802
1886-08-01,-18.877943611144985
1886-09-01,-27.054654884338362
1886-10-01,-28.980547142028797
1886-11-01,-32.997193145751936
1886-12-01,-20.493168067932118
1887-01-01,-21.066613960266096
1887-02-01,-9.721382522582985
1887-03-01,-1.5885677337646484
1887-04-01,0.2330501556396598
1887-05-01,-1.664252090454056
1887-06-01,-4.996789550781216
1887-07-01,-15.486149787902832
1887-08-01,-20.95533695220945
1887-09-01,-28.918589973449684
1887-10-01,-30.697090148925753
1887-11-01,-29.323613357543934
1887-12-01,-30.314051437377913
1888-01-01,-12.183201789855957
1888-02-01,-8.14710197448727
1888-03-01,-1.6126415252685433
1888-04-01,-0.8230518341064226
1888-05-01,-1.0383369445800668
1888-06-01,-7.5879058837890625
1888-07-01,-17.00454463958738
1888-08-01,-20.27805938720701
1888-09-01,-31.606804847717257
1888-10-01,-28.116491508483875
1888-11-01,-37.47201614379881
1888-12-01,-32.85194816589353
1889-01-01,-20.40847244262693
1889-02-01,-8.716474151611294
1889-03-01,-2.9143184661865007
1889-04-01,-0.5340171813964503
1889-05-01,-1.1512512207031023
1889-06-01,-7.159662628173805
1889-07-01,-16.772455596923805
1889-08-01,-26.86252021789548
1889-09-01,-32.75190200805662
1889-10-01,-34.24050102233883
1889-11-01,-33.170841026306135
1889-12-01,-26.72104358673093
1890-01-01,-23.15138072967528
1890-02-01,-9.63765068054198
1890-03-01,-2.5582817077636264
1890-04-01,-0.5064689636230355
1890-05-01,-1.2222568511962777
1890-06-01,-7.340842437744129
1890-07-01,-11.31459732055663
1890-08-01,-23.587081146240223
1890-09-01,-23.432083129882784
1890-10-01,-32.34211578369138
1890-11-01,-34.60935058593748
1890-12-01,-33.429619598388655
1891-01-01,-25.953418540954573
1891-02-01,-8.393958663940396
1891-03-01,-2.095781707763649
1891-04-01,-1.024402999877907
1891-05-01,-2.2414997100829623
1891-06-01,-6.346013641357388
1891-07-01,-16.533791732788075
1891-08-01,-29.341716957092274
1891-09-01,-25.994525146484364
1891-10-01,-27.060477256774874
1891-11-01,-38.72031536102293
1891-12-01,-35.16758193969724
1892-01-01,-20.005403327941877
1892-02-01,-5.963322830200184
1892-03-01,-2.899137496948242
1892-04-01,-0.6834674835204737
1892-05-01,-1.7919342041015511
1892-06-01,-7.620093917846646
1892-07-01,-13.433417320251465
1892-08-01,-23.30243053436277
1892-09-01,-34.69307746887205
1892-10-01,-25.117852020263655
1892-11-01,-30.21031818389889
1892-12-01,-26.16410255432126
1893-01-01,-20.680511474609347
1893-02-01,-7.79429779052731
1893-03-01,-1.7922019958496094
1893-04-01,-0.25150032043455894
1893-05-01,-1.3292839050292855
1893-06-01,-6.095934677123978
1893-07-01,-13.087621307373013
1893-08-01,-20.264640235900856
1893-09-01,-24.016269874572743
1893-10-01,-23.455417060852028
1893-11-01,-32.315763473510714
1893-12-01,-23.01049499511717
1894-01-01,-16.721942901611328
1894-02-01,-7.067072296142555
1894-03-01,-1.158866500854458
1894-04-01,-0.31132659912105964
1894-05-01,-0.948545837402321
1894-06-01,-5.4172210693359375
1894-07-01,-14.73854179382323
1894-08-01,-23.99653739929198
1894-09-01,-26.892367553710926
1894-10-01,-27.35336990356444
1894-11-01,-28.74003047943114
1894-12-01,-24.47730350494382
1895-01-01,-23.204591751098604
1895-02-01,-9.622136688232388
1895-03-01,-1.6823108673095248
1895-04-01,-0.4235050201415902
1895-05-01,-1.495680999755848
1895-06-01,-5.408477401733364
1895-07-01,-15.59103450775143
1895-08-01,-21.877219772338833
1895-09-01,-24.340139007568325
1895-10-01,-20.72613048553464
1895-11-01,-26.43659324645995
1895-12-01,-29.777724456787098
1896-01-01,-19.052521896362293
1896-02-01,-8.107873153686512
1896-03-01,-1.7759735107421761
1896-04-01,-0.33211021423335296
1896-05-01,-1.2733161926269077
1896-06-01,-6.629588699340786
1896-07-01,-11.90535049438472
1896-08-01,-18.06201419830319
1896-09-01,-28.57872295379636
1896-10-01,-25.597423362731917
1896-11-01,-35.10666084289548
1896-12-01,-32.36678390502928
1897-01-01,-16.23394756317134
1897-02-01,-12.61066551208495
1897-03-01,-1.707677078247059
1897-04-01,-0.2715492248535156
1897-05-01,-1.0317123413085483
1897-06-01,-6.715812683105469
1897-07-01,-18.228224945068348
1897-08-01,-24.9124292373657
1897-09-01,-24.798835754394503
1897-10-01,-32.554018020629854
1897-11-01,-32.77081546783444
1897-12-01,-27.994736862182606
1898-01-01,-18.142719650268532
1898-02-01,-10.53568763732909
1898-03-01,-1.881646347045887
1898-04-01,-0.630734252929642
1898-05-01,-0.930265808105446
1898-06-01,-5.117110443115223
1898-07-01,-14.188869857788063
1898-08-01,-25.121376800537092
1898-09-01,-17.52645454406735
1898-10-01,-29.604294776916475
1898-11-01,-29.504573631286604
1898-12-01,-27.62631454467771
1899-01-01,-19.92722206115721
1899-02-01,-11.628276062011707
1899-03-01,-1.9123302459716456
1899-04-01,-0.22074584960932953
1899-05-01,-0.6268306732177393
1899-06-01,-7.221142959594715
1899-07-01,-15.322158813476562
1899-08-01,-25.62457542419432
1899-09-01,-19.521206474304165
1899-10-01,-20.802712059020962
1899-11-01,-28.044590377807594
1899-12-01,-34.325078201293934
1900-01-01,-20.947914886474592
1900-02-01,-6.256970596313465
1900-03-01,-1.2520942687988281
1900-04-01,0.15574569702152985
1900-05-01,0.18657989501957672
1900-06-01,-1.717823410034157
1900-07-01,-12.723298645019497
1900-08-01,-23.915170860290516
1900-09-01,-25.62518768310545
1900-10-01,-22.034857368469204
1900-11-01,-25.26677436828612
1900-12-01,-27.42014045715331
1901-01-01,-22.031482887268055
1901-02-01,-9.791043472290028
1901-03-01,-1.996069717407181
1901-04-01,0.3339878082275618
1901-05-01,-0.6179695129394531
1901-06-01,-1.8313034057616733
1901-07-01,-9.084383010864258
1901-08-01,-21.70926818847653
1901-09-01,-19.267688369750942
1901-10-01,-20.099193191528286
1901-11-01,-31.192557525634754
1901-12-01,-27.73585147857665
1902-01-01,-21.839589881896956
1902-02-01,-9.629357910156216
1902-03-01,-2.1185714721679574
1902-04-01,0.04045295715332031
1902-05-01,-1.7494327545165902
1902-06-01,-3.3299781799316293
1902-07-01,-8.735902404785122
1902-08-01,-27.266797065734835
1902-09-01,-27.407773590087857
1902-10-01,-25.567829704284634
1902-11-01,-20.45510463714598
1902-12-01,-17.964869117736782
1903-01-01,-19.417458915710426
1903-02-01,-11.078607177734341
1903-03-01,-1.1030529022216342
1903-04-01,0.2446475982666243
1903-05-01,-0.2280830383300554
1903-06-01,-0.6217906951903842
1903-07-01,-2.950699996948231
1903-08-01,-10.301403808593705
1903-09-01,-16.89332065582272
1903-10-01,-21.355224800109852
1903-11-01,-25.669965934753407
1903-12-01,-25.836690139770496
1904-01-01,-20.726384735107388
1904-02-01,-8.038451385498036
1904-03-01,-0.8925693511962436
1904-04-01,0.15158309936526848
1904-05-01,-0.5343269348144304
1904-06-01,-1.6447219848632812
1904-07-01,-9.867913818359341
1904-08-01,-21.538572120666487
1904-09-01,-24.60298862457273
1904-10-01,-24.260732269287075
1904-11-01,-21.020889663696266
1904-12-01,-16.928304862976063
1905-01-01,-19.768028068542463
1905-02-01,-7.592521286010708
1905-03-01,-2.3166706085204964
1905-04-01,-0.3130817413330078
1905-05-01,-0.9277244567870753
1905-06-01,-4.526755142211869
1905-07-01,-9.205503463745117
1905-08-01,-15.962495803833008
1905-09-01,-27.442713737487765
1905-10-01,-23.68855342864987
1905-11-01,-21.882532882690413
1905-12-01,-26.13582248687743
1906-01-01,-17.20764884948727
1906-02-01,-5.596683120727505
1906-03-01,-1.905933761596657
1906-04-01,-0.4278987884521257
1906-05-01,-0.5486896514892123
1906-06-01,-1.716864395141556
1906-07-01,-12.785750389099121
1906-08-01,-18.86975097656247
1906-09-01,-18.607341003417957
1906-10-01,-20.91632785797117
1906-11-01,-29.26944007873533
1906-12-01,-22.08743038177488
1907-01-01,-18.090004920959444
1907-02-01,-8.672727203369107
1907-03-01,-0.9944171905517578
1907-04-01,-0.3375225067138672
1907-05-01,-0.44438705444332527
1907-06-01,-4.589463043212845
1907-07-01,-14.508582305908192
1907-08-01,-21.11953964233396
1907-09-01,-27.970048904418917
1907-10-01,-23.697758865356434
1907-11-01,-25.000189590454085
1907-12-01,-25.435997009277315
1908-01-01,-23.85186614990232
1908-02-01,-9.6233085632324
1908-03-01,-1.0263950347900277
1908-04-01,-0.28352432250972015
1908-05-01,-1.2291435241698991
1908-06-01,-6.368131637573242
1908-07-01,-11.742069244384766
1908-08-01,-27.010821914672817
1908-09-01,-28.695273399353
1908-10-01,-31.772282981872536
1908-11-01,-25.59986515045165
1908-12-01,-28.22894859313962
1909-01-01,-25.67717132568356
1909-02-01,-7.234687423706021
1909-03-01,-1.1501323699951058
1909-04-01,-0.6881649017333871
1909-05-01,-2.05578155517577
1909-06-01,-4.581279754638672
1909-07-01,-11.27578353881836
1909-08-01,-25.37063636779783
1909-09-01,-28.175594711303688
1909-10-01,-24.8787887573242
1909-11-01,-18.243883132934542
1909-12-01,-19.98444309234617
1910-01-01,-22.651086616516096
1910-02-01,-8.920743560790982
1910-03-01,-2.184764480590786
1910-04-01,-0.6497940063476335
1910-05-01,-1.0945465087890511
1910-06-01,-1.5297374725341797
1910-07-01,-12.812039947509732
1910-08-01,-15.706507873535145
1910-09-01,-24.730849456787098
1910-10-01,-31.263837432861294
1910-11-01,-33.6419998168945
1910-12-01,-29.29380378723141
1911-01-01,-17.162902259826637
1911-02-01,-7.771546173095658
1911-03-01,-1.7707435607910043
1911-04-01,-0.868061447143532
1911-05-01,-1.1434963226317905
1911-06-01,-4.881078338623013
1911-07-01,-9.468720245361283
1911-08-01,-19.967056274414034
1911-09-01,-10.611293411254849
1911-10-01,-24.982621574401833
1911-11-01,-25.645084190368635
1911-12-01,-34.07121238708493
1912-01-01,-21.922508430480946
1912-02-01,-10.220178222656216
1912-03-01,-2.2063949584960483
1912-04-01,-0.44397735595703125
1912-05-01,-1.765699005126919
1912-06-01,-5.444306945800747
1912-07-01,-14.905251502990723
1912-08-01,-17.047155761718727
1912-09-01,-28.082911872863747
1912-10-01,-33.41477394104001
1912-11-01,-29.64926509857176
1912-12-01,-30.05743217468259
1913-01-01,-20.79367752075194
1913-02-01,-9.963383865356434
1913-03-01,-2.283511352539051
1913-04-01,-0.33038482666012214
1913-05-01,-1.3981151580810547
1913-06-01,-3.3966377258300327
1913-07-01,-15.09433498382566
1913-08-01,-24.476533126831043
1913-09-01,-23.946442794799793
1913-10-01,-18.781642341613747
1913-11-01,-22.21880187988279
1913-12-01,-24.920051765441883
1914-01-01,-21.350948333740206
1914-02-01,-7.626021575927723
1914-03-01,-1.2151901245117074
1914-04-01,-0.56996917724609375
1914-05-01,-0.7763610839843409
1914-06-01,-1.3334796905517123
1914-07-01,-11.85496711730957
1914-08-01,-24.70024547576901
1914-09-01,-23.530636215209938
1914-10-01,-32.297261428832996
1914-11-01,-21.1473434448242
1914-12-01,-28.479881477355946
1915-01-01,-26.927009963989235
1915-02-01,-6.955231475830033
1915-03-01,-2.156884765624966
1915-04-01,-0.27009658813472015
1915-05-01,-2.413102340698231
1915-06-01,-3.2033859252929346
1915-07-01,-12.253704452514626
1915-08-01,-23.346347999572743
1915-09-01,-26.370079421997048
1915-10-01,-28.188867187499966
1915-11-01,-30.478702354431135
1915-12-01,-30.94792499542234
1916-01-01,-22.137578010559054
1916-02-01,-9.808156204223621
1916-03-01,-1.8295856475829737
1916-04-01,-0.5186054229736214
1916-05-01,-2.0418914794921648
1916-06-01,-3.624802398681595
1916-07-01,-15.406452178955078
1916-08-01,-19.414729499816872
1916-09-01,-26.175930976867647
1916-10-01,-24.934016990661604
1916-11-01,-24.75517749786374
1916-12-01,-31.937010765075655
1917-01-01,-20.15651626586913
1917-02-01,-7.303447723388672
1917-03-01,-1.2222721099853402
1917-04-01,8.724212646598062e-4
1917-05-01,-2.2287220001220476
1917-06-01,-7.199166870117153
1917-07-01,-18.224798774719204
1917-08-01,-24.96191654205319
1917-09-01,-27.478175354003895
1917-10-01,-32.15383129119871
1917-11-01,-34.087373161315895
1917-12-01,-28.734080696105934
1918-01-01,-18.904800415039034
1918-02-01,-8.922735595703102
1918-03-01,-2.8672657012939453
1918-04-01,-0.22671051025389488
1918-05-01,-1.4000942230224496
1918-06-01,-2.6788646697997933
1918-07-01,-13.72587909698484
1918-08-01,-14.766656875610352
1918-09-01,-30.47600231170651
1918-10-01,-23.13676776885984
1918-11-01,-29.35822830200192
1918-12-01,-29.73710803985594
1919-01-01,-17.719617080688465
1919-02-01,-8.327418899536099
1919-03-01,-1.4604312896728402
1919-04-01,-0.6034584045410156
1919-05-01,-1.0817722320556413
1919-06-01,-5.333094406127884
1919-07-01,-16.239875030517567
1919-08-01,-29.44293785095212
1919-09-01,-28.81812229156492
1919-10-01,-27.22872390747068
1919-11-01,-23.518101310729946
1919-12-01,-24.979770851135243
1920-01-01,-16.64697818756099
1920-02-01,-9.859339523315384
1920-03-01,-2.062349319458008
1920-04-01,-0.2274234771728061
1920-05-01,-1.5303947448730355
1920-06-01,-4.639300537109364
1920-07-01,-5.211244201660122
1920-08-01,-10.19153556823727
1920-09-01,-21.8396810531616
1920-10-01,-27.801344299316384
1920-11-01,-25.327241516113247
1920-12-01,-21.251767730712857
1921-01-01,-15.990307807922363
1921-02-01,-7.480744934081997
1921-03-01,-0.6043403625487827
1921-04-01,-0.25403366088863777
1921-05-01,-0.3703777313232308
1921-06-01,-4.658262252807617
1921-07-01,-6.950720214843727
1921-08-01,-16.928452301025345
1921-09-01,-25.586672019958485
1921-10-01,-31.439206123352022
1921-11-01,-28.62946262359617
1921-12-01,-24.236568260192854
1922-01-01,-19.384901809692366
1922-02-01,-7.206508636474609
1922-03-01,-0.4085021972655909
1922-04-01,-0.13877563476557953
1922-05-01,-0.9758533477782976
1922-06-01,-2.004007720947243
1922-07-01,-5.973151397705067
1922-08-01,-18.787903022766102
1922-09-01,-19.87431354522704
1922-10-01,-21.99300155639645
1922-11-01,-26.74491157531736
1922-12-01,-20.354615211486788
1923-01-01,-15.34967174530027
1923-02-01,-8.53757972717284
1923-03-01,-1.6295478820800327
1923-04-01,0.1378658294677848
1923-05-01,-0.4161567687988281
1923-06-01,-1.9009010314941293
1923-07-01,-8.071340179443325
1923-08-01,-22.320360183715792
1923-09-01,-22.803704452514637
1923-10-01,-20.10792312622067
1923-11-01,-22.41205539703367
1923-12-01,-27.72481460571288
1924-01-01,-9.926837921142578
1924-02-01,-7.202154541015602
1924-03-01,-1.6483562469481967
1924-04-01,0.3922191619873274
1924-05-01,0.3772331237793196
1924-06-01,-1.7355247497558253
1924-07-01,-6.540293884277332
1924-08-01,-14.82913551330563
1924-09-01,-21.149508666992176
1924-10-01,-26.279154205322243
1924-11-01,-18.399005126953114
1924-12-01,-23.251982307434048
1925-01-01,-18.52351779937743
1925-02-01,-3.1310321807861214
1925-03-01,-1.0094100952148324
1925-04-01,0.383853149414108
1925-05-01,0.940076065063522
1925-06-01,-5.291943740844715
1925-07-01,-13.1490684509277
1925-08-01,-19.30763759613035
1925-09-01,-22.39597034454343
1925-10-01,-27.153585433959933
1925-11-01,-29.319913101196278
1925-12-01,-20.185678482055636
1926-01-01,-22.636272621154774
1926-02-01,-6.931969070434548
1926-03-01,-1.4975688934325717
1926-04-01,0.26685562133792473
1926-05-01,0.0022861480713345372
1926-06-01,-3.307833862304676
1926-07-01,-5.177014923095669
1926-08-01,-10.393551254272438
1926-09-01,-16.697528839111328
1926-10-01,-23.76465587615965
1926-11-01,-27.162891197204573
1926-12-01,-21.78683948516843
1927-01-01,-18.644199562072743
1927-02-01,-9.019299316406205
1927-03-01,-2.3206924438476335
1927-04-01,-0.11651878356929046
1927-05-01,-1.1276992797851335
1927-06-01,-5.112360382080055
1927-07-01,-15.025455665588368
1927-08-01,-14.919601058959927
1927-09-01,-24.857398986816378
1927-10-01,-23.858402061462385
1927-11-01,-31.801236343383778
1927-12-01,-22.81570625305173
1928-01-01,-23.449289703369118
1928-02-01,-7.736407470703114
1928-03-01,-0.9556442260741846
1928-04-01,-0.22349166870117188
1928-05-01,-0.5232318878173601
1928-06-01,-4.173732757568359
1928-07-01,-11.894562530517533
1928-08-01,-18.088880920410134
1928-09-01,-14.37303180694579
1928-10-01,-17.588998413085903
1928-11-01,-30.15067443847653
1928-12-01,-20.172606277465803
1929-01-01,-18.292092704772926
1929-02-01,-8.1346893310546875
1929-03-01,-1.127008056640591
1929-04-01,-0.12958221435542328
1929-05-01,-0.14464569091796875
1929-06-01,-2.0818149566650277
1929-07-01,-12.047569656372048
1929-08-01,-18.986217117309536
1929-09-01,-16.252870559692383
1929-10-01,-23.43032608032223
1929-11-01,-18.667204475402798
1929-12-01,-24.607111740112288
1930-01-01,-13.699129867553665
1930-02-01,-9.070005798339821
1930-03-01,-1.2256797790527116
1930-04-01,0.45575790405274574
1930-05-01,-1.1686820983886719
1930-06-01,-3.0203449249267464
1930-07-01,-7.323631668090798
1930-08-01,-20.69998683929441
1930-09-01,-26.967534255981434
1930-10-01,-18.70134887695309
1930-11-01,-15.01572914123534
1930-12-01,-30.206480979919405
1931-01-01,-16.311169624328613
1931-02-01,-10.928617858886696
1931-03-01,-1.7807876586913949
1931-04-01,-0.5151100158691406
1931-05-01,-1.0480018615722315
1931-06-01,-3.6734886169433594
1931-07-01,-12.210500526428177
1931-08-01,-21.212719917297335
1931-09-01,-18.971897506713844
1931-10-01,-26.294048881530728
1931-11-01,-33.78290615081784
1931-12-01,-17.94088058471678
1932-01-01,-14.713903617858875
1932-02-01,-7.737646102905273
1932-03-01,-1.33652534484861
1932-04-01,-0.004206085205055388
1932-05-01,-0.49015884399409515
1932-06-01,-4.834938812255814
1932-07-01,-13.453886222839344
1932-08-01,-21.38733654022215
1932-09-01,-20.618812370300276
1932-10-01,-27.490103530883772
1932-11-01,-25.449315643310513
1932-12-01,-27.793375778198225
1933-01-01,-17.14509105682373
1933-02-01,-9.621917343139614
1933-03-01,-2.0624477386474496
1933-04-01,-0.41363868713375496
1933-05-01,-1.4683536529540788
1933-06-01,-4.4298442840575945
1933-07-01,-10.704545593261685
1933-08-01,-19.604823303222645
1933-09-01,-26.44265937805173
1933-10-01,-31.72719974517821
1933-11-01,-17.80023021697997
1933-12-01,-32.581935119628895
1934-01-01,-20.295682144165028
1934-02-01,-10.214028167724564
1934-03-01,-1.407601165771439
1934-04-01,-0.8279167175292628
1934-05-01,-2.0786945343017464
1934-06-01,-3.588808059692383
1934-07-01,-11.047932434081986
1934-08-01,-24.899592208862288
1934-09-01,-32.039401054382296
1934-10-01,-22.64490451812742
1934-11-01,-32.805061340332
1934-12-01,-26.48147811889646
1935-01-01,-17.52389430999753
1935-02-01,-8.279113006591786
1935-03-01,-1.3479381561278956
1935-04-01,-0.554318237304642
1935-05-01,-1.0512088775634538
1935-06-01,-5.787447357177712
1935-07-01,-12.212629318237305
1935-08-01,-20.111940383911104
1935-09-01,-18.26993770599364
1935-10-01,-33.32755947113034
1935-11-01,-27.84347877502438
1935-12-01,-27.978857040405245
1936-01-01,-18.295450782775845
1936-02-01,-8.973545455932594
1936-03-01,-1.9502166748046648
1936-04-01,-0.3727828979492074
1936-05-01,-1.002059173583973
1936-06-01,-2.9039558410644304
1936-07-01,-7.06571235656736
1936-08-01,-17.996006774902327
1936-09-01,-23.90396194458006
1936-10-01,-24.026677322387684
1936-11-01,-19.387599182128895
1936-12-01,-28.135516738891567
1937-01-01,-15.620343971252396
1937-02-01,-9.591476058959927
1937-03-01,-1.5755863189697266
1937-04-01,-0.26903457641600426
1937-05-01,-0.6376552581787109
1937-06-01,-3.0109775543212436
1937-07-01,-10.998635101318314
1937-08-01,-16.43691177368163
1937-09-01,-26.155800437927212
1937-10-01,-20.231864356994606
1937-11-01,-29.181837463378884
1937-12-01,-24.743070602416964
1938-01-01,-19.478745651245106
1938-02-01,-7.480464553832974
1938-03-01,-2.1279273986816065
1938-04-01,-0.6384521484374659
1938-05-01,-0.9745643615722202
1938-06-01,-3.5768249511718295
1938-07-01,-6.767006683349564
1938-08-01,-17.439010429382307
1938-09-01,-22.678012847900362
1938-10-01,-23.73429317474364
1938-11-01,-28.972975540161116
1938-12-01,-24.16838855743407
1939-01-01,-15.543320846557606
1939-02-01,-4.5753311157226335
1939-03-01,-2.1184753417968523
1939-04-01,0.06014022827150711
1939-05-01,-0.12714042663571945
1939-06-01,-4.288600158691395
1939-07-01,-16.09177131652831
1939-08-01,-23.420654678344704
1939-09-01,-21.454435157775862
1939-10-01,-25.167394828796375
1939-11-01,-32.812016868591286
1939-12-01,-28.185240936279286
1940-01-01,-21.280399131774885
1940-02-01,-10.01224098205563
1940-03-01,-2.1632053375244027
1940-04-01,-0.46284637451168464
1940-05-01,-1.1145561218261264
1940-06-01,-5.635176849365223
1940-07-01,-10.426128005981411
1940-08-01,-24.52574939727782
1940-09-01,-27.704039192199673
1940-10-01,-25.68319015502928
1940-11-01,-26.341185379028303
1940-12-01,-29.87199287414549
1941-01-01,-18.502531242370594
1941-01-01,-9.6275177001953125
1941-03-01,-1.2046566009521484
1941-04-01,-0.1704067230224382
1941-05-01,-0.23617630004878265
1941-06-01,-1.9865058898925554
1941-07-01,-11.39109954833981
1941-08-01,-20.767034339904768
1941-09-01,-24.878387069702114
1941-10-01,-25.113284492492653
1941-11-01,-30.234484481811506
1941-12-01,-25.57013645172117
1942-01-01,-19.086685371398914
1942-01-01,-6.419414901733376
1942-03-01,-0.8407329559325945
1942-04-01,-0.1843524932860987
1942-05-01,-1.1762039184570199
1942-06-01,-6.685964584350586
1942-07-01,-11.936042785644531
1942-08-01,-22.943213844299294
1942-09-01,-24.204935455322243
1942-10-01,-29.896679496765103
1942-11-01,-36.0170362472534
1942-12-01,-25.613663101196266
1943-01-01,-19.173659324645968
1943-01-01,-9.421107864379849
1943-03-01,-2.7174499511718295
1943-04-01,-0.5031890869140625
1943-05-01,-1.219246673583939
1943-06-01,-6.645122528076172
1943-07-01,-16.929550743102993
1943-08-01,-22.06615447998044
1943-09-01,-27.83551273345944
1943-10-01,-29.746607589721663
1943-11-01,-20.23123531341551
1943-12-01,-21.60019874572751
1944-01-01,-9.150249862670876
1944-01-01,-7.765128707885708
1944-03-01,-1.7114456176757358
1944-04-01,-0.4291950225829737
1944-05-01,-1.423638534545887
1944-06-01,-2.182283020019497
1944-07-01,-10.783479309081997
1944-08-01,-16.47862415313716
1944-09-01,-18.61002388000486
1944-10-01,-29.676881980895985
1944-11-01,-33.14365673065183
1944-11-01,-22.4308546066284
1944-12-01,-17.387363433837862
1945-01-01,-7.515414428710926
1945-03-01,-2.2551261901855355
1945-04-01,-0.23741760253903976
1945-05-01,-1.045407104492142
1945-06-01,-2.9888229370117188
1945-07-01,-12.640198707580566
1945-08-01,-16.140767097473145
1945-09-01,-25.572901916503895
1945-10-01,-29.885714721679676
1945-11-01,-21.742465400695778
1945-11-01,-29.812670135498024
1945-12-01,-28.505559539794888
1946-01-01,-12.226398468017578
1946-03-01,-3.831256866455078
1946-04-01,-0.5933383941650163
1946-05-01,-1.8012012481689226
1946-06-01,-5.721850204467728
1946-07-01,-12.957434082031227
1946-08-01,-19.027025413513172
1946-09-01,-33.541985321044905
1946-10-01,-36.072849655151344
1946-11-01,-32.70608539581298
1946-11-01,-23.066628456115694
1946-12-01,-16.55368556976316
1947-01-01,-6.609243392944336
1947-03-01,-2.551845932006813
1947-04-01,-0.41974105834958664
1947-05-01,-0.4520694732665902
1947-06-01,-3.9599697113036996
1947-07-01,-10.976560974121071
1947-08-01,-12.952138710021927
1947-09-01,-24.736908912658663
1947-10-01,-31.37355155944823
1947-11-01,-27.693558120727516
1947-11-01,-29.40063476562497
1947-12-01,-24.41726284027098
1948-01-01,-8.838724899291947
1948-03-01,-2.5431304931640284
1948-03-01,-0.7938152313232081
1948-05-01,-0.7390838623046534
1948-06-01,-4.179737472534157
1948-07-01,-11.20364303588866
1948-08-01,-20.93731803894042
1948-08-01,-19.037350845336903
1948-10-01,-30.082571029663058
1948-10-01,-26.60444259643552
1948-11-01,-25.45663223266598
1948-12-01,-24.633485603332502
1949-01-01,-10.58641510009761
1949-03-01,-2.0083541870117188
1949-03-01,-0.9685302734374659
1949-05-01,-1.982653427123978
1949-06-01,-5.198568725585915
1949-07-01,-15.072220230102516
1949-08-01,-24.054181671142544
1949-08-01,-21.19879455566405
1949-10-01,-22.68722419738768
1949-10-01,-30.36276321411131
1949-11-01,-22.16773757934567
1949-12-01,-17.38192672729491
1950-01-01,-8.106903839111283
1950-03-01,-1.8886371612548487
1950-03-01,-0.2076587677001953
1950-05-01,-1.3548381805419467
1950-06-01,-4.707852554321278
1950-07-01,-8.873892974853504
1950-08-01,-15.145850753784146
1950-08-01,-29.70443782806393
1950-10-01,-23.463698005676235
1950-10-01,-23.298339271545387
1950-11-01,-20.503017997741665
1950-12-01,-21.711035156249977
1951-01-01,-5.0491825103759425
1951-03-01,-1.8100559234619027
1951-03-01,0.23480262756351067
1951-05-01,-1.0701339721679233
1951-06-01,-2.3260665893554346
1951-07-01,-9.699154663085892
1951-08-01,-15.361535835266068
1951-08-01,-23.647771263122536
1951-10-01,-22.782476997375454
1951-10-01,-24.54460887908934
1951-11-01,-19.66788196563718
1951-12-01,-22.487771415710426
1952-01-01,-10.931486511230446
1952-02-01,-2.0074935913085596
1952-03-01,-0.38124313354489914
1952-04-01,-0.4976970672607308
1952-05-01,-4.688715744018509
1952-06-01,-14.22358818054198
1952-07-01,-18.30936355590819
1952-08-01,-15.16391506195066
1952-09-01,-22.3963726043701
1952-10-01,-24.57545261383055
1952-11-01,-30.57965335845944
1952-12-01,-17.772560691833462
1953-01-01,-9.98232955932616
1953-02-01,-1.3219421386718295
1953-03-01,0.07525787353517899
1953-04-01,-0.2348545074462436
1953-05-01,-6.41951522827145
1953-06-01,-10.623245620727516
1953-07-01,-19.10208187103268
1953-08-01,-21.548746871948225
1953-09-01,-24.762051773071278
1953-10-01,-32.63575344085692
1953-11-01,-26.785585594177235
1953-12-01,-19.164932060241682
1954-01-01,-6.904384231567349
1954-02-01,-1.3253055572509425
1954-03-01,0.13166389465334305
1954-04-01,-0.5821681976318018
1954-05-01,-3.9304885864257812
1954-06-01,-12.331969451904286
1954-07-01,-22.475629234313942
1954-08-01,-26.79167785644529
1954-09-01,-15.023778915405273
1954-10-01,-32.57594051361082
1954-11-01,-27.851213264465315
1954-12-01,-22.722701454162575
1955-01-01,-8.9694366455078125
1955-02-01,-0.968795013427723
1955-03-01,-0.24319763183592613
1955-04-01,-0.7982574462890284
1955-05-01,-2.927835464477539
1955-06-01,-13.176647186279297
1955-07-01,-15.576776504516602
1955-08-01,-26.722880363464327
1955-09-01,-29.060955047607393
1955-10-01,-31.800649261474575
1955-11-01,-26.692296600341763
1955-12-01,-20.438066291809065
1956-01-01,-9.244797897338856
1956-02-01,-1.48545112609861
1956-03-01,-0.005356216430641325
1956-04-01,-0.1959552764892578
1956-05-01,0.11549530029299149
1956-06-01,-5.256375122070267
1956-07-01,-19.65749416351315
1956-08-01,-24.507043266296364
1956-09-01,-23.389615058898897
1956-10-01,-29.069947052001936
1956-11-01,-27.953707313537564
1956-12-01,-18.033205223083485
1957-01-01,-11.38731536865231
1957-02-01,-1.9025505065917514
1957-03-01,-0.12736740112302414
1957-04-01,-1.3161029815673828
1957-05-01,-4.577219009399414
1957-06-01,-10.670468139648392
1957-07-01,-14.880013465881348
1957-08-01,-18.374501609802223
1957-09-01,-29.687104988098127
1957-10-01,-30.97253551483152
1957-11-01,-27.489608383178677
1957-12-01,-18.89139270782468
1958-01-01,-7.9798789978027
1958-02-01,-1.84451637268063
1958-03-01,-0.3143718719481967
1958-04-01,-0.5457656860351108
1958-05-01,-3.813426971435547
1958-06-01,-8.095167541503884
1958-07-01,-23.098442459106423
1958-08-01,-24.15119419097897
1958-09-01,-23.74872970581052
1958-10-01,-16.725458717346157
1958-11-01,-23.913759040832502
1958-12-01,-20.979549026489224
1959-01-01,-7.557299804687489
1959-02-01,-1.2193634033203011
1959-03-01,0.00401229858402985
1959-04-01,-0.3904392242431527
1959-05-01,-2.303865432739258
1959-06-01,-3.1079299926757358
1959-07-01,-11.969205665588333
1959-08-01,-16.393352317810013
1959-09-01,-18.4542963027954
1959-10-01,-21.821371650695767
1959-11-01,-25.801871109008772
1959-12-01,-8.886874008178665
1960-01-01,-6.6068878173828125
1960-02-01,-2.020434188842728
1960-03-01,-0.0083980560302734375
1960-04-01,-0.6952629089355469
1960-05-01,-3.7169086456298714
1960-06-01,-8.67673950195308
1960-07-01,-11.72597103118892
1960-08-01,-19.653886604309065
1960-09-01,-31.35647792816161
1960-10-01,-19.637323951721157
1960-11-01,-18.947990798950173
1960-12-01,-19.902666282653797
1961-01-01,-11.951431655883766
1961-02-01,-2.3163986206054688
1961-03-01,0.37124061584472656
1961-04-01,-1.4680671691894531
1961-05-01,-5.547484970092739
1961-06-01,-9.897439575195278
1961-07-01,-24.759039688110335
1961-08-01,-23.717288589477505
1961-09-01,-25.973132705688442
1961-10-01,-28.88973178863523
1961-11-01,-26.21942577362057
1961-12-01,-24.013475418090792
1962-01-01,-11.221006011962857
1962-02-01,-2.4442562103271257
1962-03-01,-0.5030757904052621
1962-04-01,-1.5891914367675781
1962-05-01,-4.506645202636719
1962-06-01,-15.043183135986283
1962-07-01,-19.496676826477028
1962-08-01,-32.40145187377928
1962-09-01,-27.509054374694813
1962-10-01,-27.705943870544417
1962-11-01,-28.056162261962868
1962-12-01,-22.66906261444089
1963-01-01,-7.820185470581009
1963-02-01,-1.0998420715332031
1963-03-01,-0.46741676330566406
1963-04-01,-1.3916030883788721
1963-05-01,-3.878816223144497
1963-06-01,-8.38138198852539
1963-07-01,-20.52114181518553
1963-08-01,-29.440539169311506
1963-09-01,-31.81809558868406
1963-10-01,-33.28166828155514
1963-11-01,-26.92149829864499
1963-12-01,-21.973458099365217
1964-01-01,-10.233321380615223
1964-02-01,-2.2600471496581918
1964-03-01,-0.37723197937009445
1964-04-01,-1.377282333374012
1964-05-01,-4.370794296264648
1964-06-01,-13.922293472289994
1964-07-01,-27.764200973510725
1964-08-01,-22.70197391510007
1964-09-01,-28.571057319641085
1964-10-01,-20.443787384033186
1964-11-01,-21.219931411743147
1964-12-01,-19.577263450622524
1965-01-01,-8.492086410522461
1965-02-01,-1.283339691162098
1965-03-01,-0.2751689910888331
1965-04-01,-0.545819854736294
1965-05-01,-3.0342559814453125
1965-06-01,-9.206841659545887
1965-07-01,-10.61494522094722
1965-08-01,-24.80594348907468
1965-09-01,-23.363775062561018
1965-10-01,-24.88697299957272
1965-11-01,-29.73025856018063
1965-12-01,-23.47352848052975
1966-01-01,-9.252001571655228
1966-02-01,-0.49955978393552414
1966-03-01,0.0038688659668082437
1966-04-01,0.9768138885498274
1966-05-01,-2.242869949340786
1966-06-01,-6.375570297241211
1966-07-01,-10.91532592773433
1966-08-01,-21.429247283935524
1966-09-01,-32.3410181045532
1966-10-01,-28.60960540771481
1966-11-01,-27.58557262420652
1966-12-01,-18.74546375274656
1967-01-01,-9.232851028442383
1967-02-01,-1.774545669555664
1967-03-01,-0.063350677490234375
1967-04-01,-0.8208015441894077
1967-05-01,-1.0288154602050668
1967-06-01,-7.659067153930664
1967-07-01,-7.550117492675781
1967-08-01,-27.828511428832996
1967-09-01,-27.539886283874495
1967-10-01,-32.273548126220675
1967-11-01,-25.89376277923583
1967-12-01,-20.71108303070065
1968-01-01,-8.30661811828611
1968-02-01,-3.387786865234375
1968-03-01,0.027841186523460237
1968-04-01,-0.5957649230956577
1968-05-01,-4.9525749206542855
1968-06-01,-12.310445785522461
1968-07-01,-23.950508117675753
1968-08-01,-34.05283660888671
1968-09-01,-29.627223205566395
1968-10-01,-31.316440963745094
1968-11-01,-28.845277976989735
1968-12-01,-15.298151016235352
1969-01-01,-5.708853530883744
1969-02-01,-2.5075725555419695
1969-03-01,-0.46388549804686363
1969-04-01,-1.8379009246825717
1969-05-01,-6.2281311035155795
1969-06-01,-17.733176994323713
1969-07-01,-27.290519142150856
1969-08-01,-31.156324958801235
1969-09-01,-20.23144798278807
1969-10-01,-22.552511596679665
1969-11-01,-33.68163452148434
1969-12-01,-20.716867637634266
1970-01-01,-6.456977081298817
1970-02-01,-2.875996017456032
1970-03-01,-0.6326831817626726
1970-04-01,-1.6393424987792855
1970-05-01,-4.09820098876952
1970-06-01,-12.345664596557583
1970-07-01,-17.389202880859358
1970-08-01,-26.29498729705807
1970-09-01,-28.816662788391085
1970-10-01,-28.94374771118163
1970-11-01,-33.817329788207985
1970-12-01,-16.204981803894043
1971-01-01,-8.650391006469704
1971-02-01,-1.7377555847167514
1971-03-01,-0.1925491333007585
1971-04-01,-1.3403324127197038
1971-05-01,-6.531463623046875
1971-06-01,-9.205716323852528
1971-07-01,-19.86293125152585
1971-08-01,-16.594920730590786
1971-09-01,-21.99950981140134
1971-10-01,-31.98059520721432
1971-11-01,-22.997649574279762
1971-12-01,-19.115312576293917
1972-01-01,-7.96030921936034
1972-02-01,-2.765608978271473
1972-03-01,-0.6396888732909929
1972-04-01,-1.3396556854247592
1972-05-01,-6.808799743652344
1972-06-01,-4.609895324706997
1972-07-01,-20.614498519897438
1972-08-01,-28.337187194824196
1972-09-01,-31.311206436157192
1972-10-01,-30.52044811248777
1972-11-01,-26.41607780456542
1972-12-01,-16.5204496383667
1973-01-01,-9.534027099609375
1973-02-01,-2.0156723022460596
1973-03-01,0.24538764953615555
1973-04-01,-0.9521423339843409
1973-05-01,-3.4277240753173714
1973-06-01,-13.358230972290016
1973-07-01,-22.820066261291487
1973-08-01,-28.94949569702146
1973-09-01,-17.32396697998044
1973-10-01,-35.66510009765622
1973-11-01,-30.952885627746554
1973-12-01,-20.260801124572737
1974-01-01,-9.511069107055619
1974-02-01,-1.5341850280761378
1974-03-01,0.22030143737794106
1974-04-01,-0.8098850250244141
1974-05-01,-4.012569427490234
1974-06-01,-10.821479797363281
1974-07-01,-23.256526756286604
1974-08-01,-30.42212619781492
1974-09-01,-21.740033912658674
1974-10-01,-31.79272708892819
1974-11-01,-28.560321044921864
1974-12-01,-23.23327751159667
1975-01-01,-7.477148056030273
1975-02-01,-2.1113002777099155
1975-03-01,-0.13648338317869957
1975-04-01,-0.066204071044921875
1975-05-01,-1.9472507476806413
1975-06-01,-5.778816604614235
1975-07-01,-19.05607051849364
1975-08-01,-26.421479225158663
1975-09-01,-28.502130508422823
1975-10-01,-27.409992599487282
1975-11-01,-33.04911804199216
1975-12-01,-15.120438957214333
1976-01-01,-5.961491394042923
1976-02-01,-2.1831573486327898
1976-03-01,-0.2563056945800781
1976-04-01,-1.7213226318359034
1976-05-01,-6.127214050292935
1976-06-01,-9.851369476318325
1976-07-01,-21.539091682434048
1976-08-01,-25.092995834350575
1976-09-01,-34.83363094329832
1976-10-01,-33.575207710266085
1976-11-01,-31.31830272674557
1976-12-01,-12.404842758178688
1977-01-01,-5.937294769287064
1977-02-01,-1.3747360229492074
1977-03-01,-0.19853744506832527
1977-04-01,-0.7723751068115234
1977-05-01,-4.2239501953124545
1977-06-01,-15.707324218749989
1977-07-01,-15.19699478149414
1977-08-01,-21.41902217864987
1977-09-01,-30.989561653137173
1977-10-01,-24.705782508850064
1977-11-01,-16.97301197052002
1977-12-01,-15.276315307617153
1978-01-01,-8.044482421874989
1978-02-01,-0.7536083221435206
1978-03-01,-0.29820594787594246
1978-04-01,0.02648811340333168
1978-05-01,-3.3728000640869027
1978-06-01,-10.74567527770995
1978-07-01,-11.56195030212399
1978-08-01,-11.680209922790482
1978-09-01,-21.45257873535155
1978-10-01,-22.202618026733376
1978-11-01,-23.299863433837857
1978-12-01,-8.906856918334938
1979-01-01,-1.896926116943348
1979-02-01,-0.5153411865234148
1979-03-01,0.92772674560546875
1979-04-01,1.8305286407471044
1979-05-01,-1.3760341644286882
1979-06-01,-3.737738418579056
1979-07-01,-10.431057357788063
1979-08-01,-21.112899589538557
1979-09-01,-17.32357559204098
1979-10-01,-17.3314414978027
1979-11-01,-14.670181083679154
1979-12-01,-11.30531387329097
1980-01-01,-4.348416137695267
1980-02-01,-1.3033092498778842
1980-03-01,0.6109378814697379
1980-04-01,-0.3814483642577784
1980-05-01,-2.225693511962845
1980-06-01,-12.233694076538086
1980-07-01,-14.339693641662564
1980-08-01,-18.529294586181607
1980-09-01,-20.7627679824829
1980-10-01,-15.662672805786087
1980-11-01,-19.83526573181149
1980-12-01,-15.08812141418457
1981-01-01,-4.067549514770462
1981-02-01,-0.48055992126461433
1981-03-01,0.8813117980957372
1981-04-01,-0.08587150573725921
1981-05-01,-0.98889923095703125
1981-06-01,-8.880256652832031
1981-07-01,-16.517098045349087
1981-08-01,-22.744469070434548
1981-09-01,-25.350324821472157
1981-10-01,-15.652183532714844
1981-11-01,-24.56920356750487
1981-12-01,-19.532884025573708
1982-01-01,-8.38524322509761
1982-02-01,-1.3135082244872933
1982-03-01,-0.07846107482907883
1982-04-01,-0.3486087799071811
1982-05-01,-3.0385044097899936
1982-06-01,-9.328056335449219
1982-07-01,-14.21646633148191
1982-08-01,-25.261504554748512
1982-09-01,-31.811346435546852
1982-10-01,-26.305219650268526
1982-11-01,-23.873574066162092
1982-12-01,-22.22689723968503
1983-01-01,-6.45076522827145
1983-02-01,-0.8565601348876726
1983-03-01,0.38988838195803055
1983-04-01,-0.4406105041503565
1983-05-01,-2.348971557617176
1983-06-01,-2.601282882690384
1983-07-01,-20.446815490722628
1983-08-01,-19.161853408813442
1983-09-01,-26.902491950988747
1983-10-01,-27.44175586700436
1983-11-01,-17.023180580139126
1983-12-01,-15.459600830078102
1984-01-01,-6.1660133361816065
1984-02-01,-1.2841049194335596
1984-03-01,0.10650062561035156
1984-04-01,-0.03985481262202484
1984-05-01,-1.8370525360107308
1984-06-01,-10.322160339355435
1984-07-01,-13.368863296508778
1984-08-01,-14.795179939269985
1984-09-01,-12.29440364837643
1984-10-01,-13.832919502258278
1984-11-01,-10.980255126953125
1984-12-01,-13.18135929107666
1985-01-01,-2.8241134643554346
1985-02-01,-0.3334888458251726
1985-03-01,0.9305561065673942
1985-04-01,0.6518798828125227
1985-05-01,-2.928312683105446
1985-06-01,-2.7377342224120866
1985-07-01,-14.698715972900345
1985-08-01,-13.48698902130127
1985-09-01,-14.775629234313953
1985-10-01,-16.27504253387451
1985-11-01,-16.800689315795864
1985-12-01,-11.95489921569822
1986-01-01,-7.154661178588867
1986-02-01,-0.8147773742675781
1986-03-01,0.5637825012207145
1986-04-01,-0.28859901428222656
1986-05-01,-1.1266242980956918
1986-06-01,-10.554983901977494
1986-07-01,-11.842705535888626
1986-08-01,-7.0493606567382585
1986-09-01,-21.074654006957985
1986-10-01,-27.96585140228268
1986-11-01,-16.021093559265125
1986-12-01,-10.497843170165993
1987-01-01,-5.278565979003872
1987-02-01,-1.4083683013915902
1987-03-01,0.29725494384769036
1987-04-01,-0.02810020446776207
1987-05-01,-1.839912796020485
1987-06-01,-8.203619384765602
1987-07-01,-8.947610092163075
1987-08-01,-24.683805465698214
1987-09-01,-30.09163303375243
1987-10-01,-28.980488967895496
1987-11-01,-20.730610275268532
1987-12-01,-17.699509620666475
1988-01-01,-6.531959152221646
1988-02-01,-0.9521762847900277
1988-03-01,0.12631950378420242
1988-04-01,0.23776550292973297
1988-05-01,-1.44858589172361
1988-06-01,-12.164775466918911
1988-07-01,-16.929485130310013
1988-08-01,-25.90990581512449
1988-09-01,-22.912045669555653
1988-10-01,-23.87775993347165
1988-11-01,-24.438193321228
1988-12-01,-19.559964370727528
1989-01-01,-6.729911422729458
1989-02-01,-2.319561004638672
1989-03-01,0.4742481231689908
1989-04-01,0.498947906494152
1989-05-01,-0.26352500915527344
1989-06-01,-7.152038192748989
1989-07-01,-12.936075210571289
1989-08-01,-26.451245498657215
1989-09-01,-25.80904178619383
1989-10-01,-22.92983760833738
1989-11-01,-27.3816690444946
1989-12-01,-20.499539184570295
1990-01-01,-6.133168029785111
1990-02-01,-1.7492961883544922
1990-03-01,0.06361045837405754
1990-04-01,-0.37521629333491546
1990-05-01,-5.118025588989212
1990-06-01,-16.516592979431152
1990-07-01,-15.213702201843262
1990-08-01,-18.957178115844698
1990-09-01,-26.574371147155745
1990-10-01,-32.26466464996335
1990-11-01,-19.701381111144997
1990-12-01,-12.77830066680906
1991-01-01,-9.126628494262661
1991-02-01,-1.1005176544189226
1991-03-01,-0.32795600891108734
1991-04-01,0.11482963562013992
1991-05-01,-6.962537002563465
1991-06-01,-11.143366241455055
1991-07-01,-20.5133726119995
1991-08-01,-22.26397686004637
1991-09-01,-8.577019119262673
1991-10-01,-18.872385406494118
1991-11-01,-14.964245414733853
1991-12-01,-17.095564079284657
1992-01-01,-9.355164337158158
1992-02-01,-0.563587570190407
1992-03-01,0.359758758544956
1992-04-01,1.1305217742919922
1992-05-01,-2.729409027099564
1992-06-01,-10.172282028198197
1992-07-01,-16.97027721405027
1992-08-01,-19.694533538818348
1992-09-01,-31.81256217956542
1992-10-01,-19.69736213684081
1992-11-01,-26.00771541595458
1992-12-01,-16.17990036010741
1993-01-01,-7.27598304748534
1993-02-01,-0.848636245727505
1993-03-01,0.11381072998051422
1993-04-01,-0.626174163818348
1993-05-01,-0.9451580047607422
1993-06-01,-9.026866149902332
1993-07-01,-21.535808753967274
1993-08-01,-25.35118103027341
1993-09-01,-22.346958351135243
1993-10-01,-17.063563156127884
1993-11-01,-27.309755134582502
1993-12-01,-21.838801956176724
1994-01-01,-9.742045211791947
1994-02-01,-1.6496044158935206
1994-03-01,-0.14581794738768394
1994-04-01,0.6519451141357422
1994-05-01,-2.7022716522216683
1994-06-01,-14.527639007568325
1994-07-01,-17.45385589599607
1994-08-01,-24.045297813415516
1994-09-01,-20.728940200805653
1994-10-01,-21.051785278320295
1994-11-01,-22.261420059204085
1994-12-01,-20.935580253601046
1995-01-01,-7.075049209594681
1995-02-01,-1.5695842742919695
1995-03-01,-0.3553073883056186
1995-04-01,-0.797085571289017
1995-05-01,-3.284117507934525
1995-06-01,-8.419640350341751
1995-07-01,-13.23051013946531
1995-08-01,-23.693172454833956
1995-09-01,-15.813534927368153
1995-10-01,-18.58577518463133
1995-11-01,-30.77051677703855
1995-12-01,-22.550288009643538
1996-01-01,-7.761100387573208
1996-02-01,-1.2848537445067905
1996-03-01,0.3381195068359375
1996-04-01,-0.2560276031493913
1996-05-01,-3.0608161926269304
1996-06-01,-8.689628601074219
1996-07-01,-20.472633934020962
1996-08-01,-28.852017211914045
1996-09-01,-22.532094383239723
1996-10-01,-20.632188796997042
1996-11-01,-20.589181900024386
1996-12-01,-19.10971984863278
1997-01-01,-4.431642532348633
1997-02-01,-0.9302532196044808
1997-03-01,0.12128067016601562
1997-04-01,-0.39468727111812996
1997-05-01,-3.266386413574196
1997-06-01,-8.998297119140602
1997-07-01,-17.91453590393064
1997-08-01,-18.191168212890602
1997-09-01,-26.025278472900368
1997-10-01,-26.23698863983151
1997-11-01,-23.82263755798337
1997-12-01,-19.894006729125948
1998-01-01,-3.9737266540527116
1998-02-01,-0.8666053771972315
1998-03-01,0.15882759094239418
1998-04-01,-0.3039516448974382
1998-05-01,-1.227654647827137
1998-06-01,-8.762709045410134
1998-07-01,-21.074463653564436
1998-08-01,-24.59936332702634
1998-09-01,-32.638033676147444
1998-10-01,-22.643891525268543
1998-11-01,-17.846236610412575
1998-12-01,-19.762953948974598
1999-01-01,-7.412248611450195
1999-02-01,-1.0059379577636491
1999-03-01,-0.18714447021483238
1999-04-01,-1.4699428558349155
1999-05-01,-5.586118698120117
1999-06-01,-10.060297393798805
1999-07-01,-12.37836418151852
1999-08-01,-20.817257308959938
1999-09-01,-28.50398368835448
1999-10-01,-28.7645469665527
1999-11-01,-27.08648681640622
1999-12-01,-18.71715393066404
2000-01-01,-7.761380386352528
2000-02-01,-1.662896347045887
2000-03-01,0.029222106933616487
2000-04-01,-0.4656543731689453
2000-05-01,-1.5179744720458643
2000-06-01,-10.864250564575173
2000-07-01,-23.10086402893063
2000-08-01,-28.808565902709944
2000-09-01,-20.413788986206043
2000-10-01,-19.08169155120848
2000-11-01,-26.639654541015602
2000-12-01,-20.46043434143064
2001-01-01,-6.151575088500977
2001-02-01,-1.4914043426513217
2001-03-01,-0.7485862731933253
2001-04-01,-0.9057415008544467
2001-05-01,-4.740656661987259
2001-06-01,-12.528760528564419
2001-07-01,-19.73306922912596
2001-08-01,-15.770695304870571
2001-09-01,-20.87768688201902
2001-10-01,-24.40954418182372
2001-11-01,-19.348131179809542
2001-12-01,-21.709337997436506
2002-01-01,-10.325545883178677
2002-02-01,-0.68564186096188
2002-03-01,-0.20083847045896164
2002-04-01,-0.3234058380126612
2002-05-01,-3.390374755859341
2002-06-01,-13.953328514099098
2002-07-01,-20.473752212524403
2002-08-01,-32.12537765502927
2002-09-01,-25.191242599487282
2002-10-01,-23.11136779785153
2002-11-01,-28.206197929382313
2002-12-01,-20.542445182800265
2003-01-01,-7.1213371276855355
2003-02-01,-1.627838134765625
2003-03-01,-0.23975563049316406
2003-04-01,-0.8717208862304346
2003-05-01,-2.4462936401366733
2003-06-01,-9.966005325317383
2003-07-01,-21.24455871582029
2003-08-01,-23.20395698547361
2003-09-01,-24.496447372436506
2003-10-01,-25.11082611083981
2003-11-01,-17.401998710632313
2003-12-01,-18.69967231750485
2004-01-01,-9.07302474975586
2004-02-01,-1.3443435668945085
2004-03-01,-0.4545890808105355
2004-04-01,-0.7252258300781023
2004-05-01,-2.8187664031981967
2004-06-01,-10.015298843383789
2004-07-01,-19.502517509460432
2004-08-01,-19.00749645233151
2004-09-01,-14.257941627502419
2004-10-01,-16.912887191772427
2004-11-01,-15.8801908493042
2004-12-01,-18.808027458190907
2005-01-01,-3.114772033691395
2005-02-01,-0.811954116821255
2005-03-01,0.8350284576416129
2005-04-01,0.5660617828369254
2005-05-01,-2.198131561279297
2005-06-01,-12.499479866027798
2005-07-01,-9.742704772949196
2005-08-01,-10.915197753906227
2005-09-01,-10.652756500244095
2005-10-01,-20.462227249145485
2005-11-01,-21.749171257019015
2005-12-01,-11.40110969543457
2006-01-01,-5.074140167236294
2006-02-01,-0.6405261993407976
2006-03-01,0.5046821594238509
2006-04-01,0.16201744079592117
2006-05-01,-3.7444320678710596
2006-06-01,-4.571600723266556
2006-07-01,-15.27163448333738
2006-08-01,-20.933520889282192
2006-09-01,-21.239292716979946
2006-10-01,-24.07444324493406
2006-11-01,-22.06680927276608
2006-12-01,-21.360815429687477
2007-01-01,-6.815998077392578
2007-02-01,-1.4683300018310206
2007-03-01,0.3556133270263899
2007-04-01,-1.0465629577636264
2007-05-01,-2.2348545074462436
2007-06-01,-8.678974151611328
2007-07-01,-15.062284088134732
2007-08-01,-21.22892780303954
2007-09-01,-23.451029396057095
2007-10-01,-24.337852668762196
2007-11-01,-27.282696151733376
2007-12-01,-11.966134643554653
2008-01-01,-7.253336334228493
2008-02-01,-1.6579910278319971
2008-03-01,0.07188301086426918
2008-04-01,-1.3131359100341342
2008-05-01,-6.104859542846668
2008-06-01,-9.620562744140614
2008-07-01,-17.120384025573685
2008-08-01,-20.68212146759032
2008-09-01,-27.784930610656716
2008-10-01,-34.13330211639402
2008-11-01,-31.403800010681124
2008-12-01,-17.833062171936007
2009-01-01,-6.826231384277321
2009-02-01,-1.3545654296874545
2009-03-01,0.1511280059814908
2009-04-01,-0.5083343505859261
2009-05-01,-3.9123027801513217
2009-06-01,-7.258799743652332
2009-07-01,-17.62767639160154
2009-08-01,-28.633375549316384
2009-09-01,-24.20771293640135
2009-10-01,-22.82509098052975
2009-11-01,-26.894976997375466
2009-12-01,-18.563033485412575
2010-01-01,-8.19199867248534
2010-02-01,-0.5467777252197266
2010-03-01,0.33291397094728836
2010-04-01,0.08641357421879547
2010-05-01,-2.596954345703125
2010-06-01,-7.07866058349606
2010-07-01,-10.934030914306618
2010-08-01,-12.999849128723099
2010-09-01,-20.04392852783201
2010-10-01,-16.917609405517567
2010-11-01,-25.73633384704587
2010-12-01,-15.99357337951659
2011-01-01,-5.603163528442337
2011-02-01,-1.7654071807860987
2011-03-01,-0.33656539916989914
2011-04-01,-0.4393722534179574
2011-05-01,-2.706555557250965
2011-06-01,-7.105874252319325
2011-07-01,-17.20036926269529
2011-08-01,-28.66243534088133
2011-09-01,-28.63836364746092
2011-10-01,-25.227433586120583
2011-11-01,-24.94860649108884
2011-12-01,-7.829511642456055
2012-01-01,-6.595150375366188
2012-02-01,-0.5000080108642351
2012-03-01,0.7708709716796989
2012-04-01,0.9133598327637173
2012-05-01,-0.8255836486816293
2012-06-01,-8.942792892456055
2012-07-01,-13.304183959960938
2012-08-01,-18.661890983581515
2012-09-01,-29.024863815307583
2012-10-01,-17.211974334716786
2012-11-01,-19.388245391845686
2012-12-01,-15.049029350280762
2013-01-01,-6.863915634155262
2013-02-01,-1.0900989532470362
2013-03-01,0.1034420013427848
2013-04-01,-0.5461368560791016
2013-05-01,-2.184617233276356
2013-06-01,-0.5955818176269077
2013-07-01,-11.767483520507767
2013-08-01,-15.362555122375454
